{"tag140": [[1.0, -0.0, 0.0, -6.907101063940947e-05], [0.0, 0.3507895592889223, 0.9364543155402101, -0.06518994396960381], [-0.0, -0.9364543155402103, 0.35078955928892225, 0.04653361761982594], [0.0, 0.0, 0.0, 1.0]],
"tag142": [[1.0, -0.0, 0.0, -6.907101063940947e-05], [0.0, 0.3507895592889223, 0.9364543155402101, -0.06518994396960381], [-0.0, -0.9364543155402103, 0.35078955928892225, 0.04653361761982594], [0.0, 0.0, 0.0, 1.0]],
"tag146": [[1.0, -0.0, 0.0, -6.907101063940947e-05], [0.0, 0.3507895592889223, 0.9364543155402101, -0.06518994396960381], [-0.0, -0.9364543155402103, 0.35078955928892225, 0.04653361761982594], [0.0, 0.0, 0.0, 1.0]]}
