{"tag6": [[0.99999999999999423, 0.0, 0.0, 0.0022326046900384318], [0.0, 0.99999999999999978, 0.0, -0.0012500431941183561], [0.0, 0.0, 0.99999999999999989, -0.21780291526395129], [0.0, 0.0, 0.0, 1.0]], "tag7": [[0.99296050097499744, 0.11844595182390379, -1.387778780781446e-17, -0.00027953614396197595], [0.0010352631023173517, -0.0086788560764514671, 0.99996180211421737, -0.091635506914206161], [0.11844142743896395, -0.99292257198320022, -0.008740384001105328, -0.034502407207108413], [0.0, 0.0, 0.0, 1.0]], "tag8": [[-0.073060860154548379, 0.99728926350448066, 0.0087313007145150504, -0.0028161948323855951], [0.0010352631023136593, -0.0086788560764519112, 0.99996180211421704, -0.091635506914205911], [0.99732694686535661, 0.0730671085776224, -0.00039837208673643149, -0.034665332630438875], [0.0, 0.0, 0.0, 1.0]], "tag9": [[-0.98967820933163808, -0.14330734083258398, -0.00021917482451333514, -0.00077234423122126219], [0.0010352631023148671, -0.0086788560764483585, 0.99996180211421737, -0.091635506914206077], [-0.1433037689819037, 0.98964017881283384, 0.008737635543041411, -0.036507154738625987], [0.0, 0.0, 0.0, 1.0]], "tag10": [[0.076400043395016451, -0.99703900390892997, -0.0087325857297831933, 0.00048700506508586556], [0.0010352631023115501, -0.0086788560764463601, 0.99996180211421737, -0.091635506914206119], [-0.9970767079816556, -0.076406165598679229, 0.00036913271145289084, -0.035124909252532956], [0.0, 0.0, 0.0, 1.0]]}