{"tag145": [[1,0,0,0],[0,1,0,0],[0,0,1,-0.003975514448480511],[0,0,0,1]],
"tag139": [[1,0,0,0],[0,1,0,0],[0,0,1,-0.003975514448480511],[0,0,0,1]],
"tag136": [[1,0,0,0],[0,1,0,0],[0,0,1,-0.003975514448480511],[0,0,0,1]],
"tag118": [[1,0,0,0],[0,1,0,0],[0,0,1,-0.003975514448480511],[0,0,0,1]]}
